path,bytes,sha256,media_type,role
.gitignore,73,1dcf3f355a6a969107757d966a9aeeca250c19dff08a5b821207faa73302670d,application/octet-stream,"repository governance, citation, rights, release, and tooling"
01_CORE_PAPER/AIAP_Core_Working_Paper_v6.5.docx,960421,1c7b48de3fc1aacc84f1248b00af05ed0875e981c230cc1d59c228e6c6d702f5,application/vnd.openxmlformats-officedocument.wordprocessingml.document,canonical scholarly paper and source
01_CORE_PAPER/AIAP_Core_Working_Paper_v6.5.pdf,2286675,d2d3230a1a5f985c415fc8ce54b99ba3ebddc4b3458ca49f4c727f0c13d9feaa,application/pdf,canonical scholarly paper and source
01_CORE_PAPER/AIAP_Core_Working_Paper_v6.5_SOURCE.md,275438,c45d5521ef783bab8664aec2fe01dd982928088775dd0ca3aa92b1b6a0dea682,text/markdown,canonical scholarly paper and source
01_CORE_PAPER/figures/AIAP_Figure_1_At_A_Glance_v6.5.png,273628,6bfe72519261d4a8c0540f0eafcfd1f8ee0f6a099400370fa20874024e40f9ed,image/png,canonical figure
01_CORE_PAPER/figures/AIAP_Figure_2_Evidence_Plan_Architecture_v6.5.png,173416,7cebab5c2685aa373cd738bab663d48d3add5ad083b37b577e69e5f7dbdc7d8e,image/png,canonical figure
01_CORE_PAPER/figures/AIAP_Figure_3_Independence_Matrix_v6.5.png,155236,55dd112f456e9e623543a6267d7e995be42d416e6d6930d93f7f58249c43e7d5,image/png,canonical figure
01_CORE_PAPER/figures/AIAP_Figure_4_Forbidden_Inferential_Transfers_v6.5.png,184092,76c41a60e0c83bc6e9d0874cd0dfe5cd206a150a08b7b33419fca3583665ba47,image/png,canonical figure
01_CORE_PAPER/figures/AIAP_Figure_5_Programme_Assurance_Spine_v6.5.png,109627,941fb17d4a88b68181680fbacc54f84f063bdebf73dbde1e305a419774ee4fd3,image/png,canonical figure
02_NORMATIVE_STANDARD/AIAP_Normative_Assurance_Standard_v6.5.docx,23715,696150a5d58da382c50beb0ce4619b48a9bce654d28e224bce493d12069bc0fe,application/vnd.openxmlformats-officedocument.wordprocessingml.document,normative assurance standard and crosswalk
02_NORMATIVE_STANDARD/AIAP_Normative_Assurance_Standard_v6.5.pdf,168855,29e87dac477ba17ce9fa1c52c840aa61be5c6addef9de2da0243859562788c14,application/pdf,normative assurance standard and crosswalk
02_NORMATIVE_STANDARD/AIAP_v6.5_CORE_TO_STANDARD_CROSSWALK.md,5925,0cd1ac18354f17a47f2a223214fdc77d0972312db67adb32e9b99270b7aa8718,text/markdown,normative assurance standard and crosswalk
03_IMPLEMENTATION/AIAP_Data_Protection_Accessibility_Evidence_Governance_v6.5.docx,16846,0f9ab3c693be5529380e7cf9e3303dbb6512d3220ad217d90cf7a48e9c3d9e89,application/vnd.openxmlformats-officedocument.wordprocessingml.document,"implementation, governance, toolkit, and pilot-readiness companion"
03_IMPLEMENTATION/AIAP_Data_Protection_Accessibility_Evidence_Governance_v6.5.pdf,103810,15f9528c1affd7538da55f69270b6c216eca6e25aa181a31797dce95861736fc,application/pdf,"implementation, governance, toolkit, and pilot-readiness companion"
03_IMPLEMENTATION/AIAP_Implementation_Handbook_v6.5.docx,20485,197b4c64806e7a859156b0e2e80b4442117a9d58e541f34d8f6b03879b50a6f1,application/vnd.openxmlformats-officedocument.wordprocessingml.document,"implementation, governance, toolkit, and pilot-readiness companion"
03_IMPLEMENTATION/AIAP_Implementation_Handbook_v6.5.pdf,142657,83bd2c4731f61ab8397a221bbde078078750f06d53c469e307cadcb68444178a,application/pdf,"implementation, governance, toolkit, and pilot-readiness companion"
03_IMPLEMENTATION/AIAP_Pilot_Readiness_Pack_v6.5.docx,19577,d7aa621fb020393dcba9c0e90e01811fa005983bb0ade8d117bab240fc836ac3,application/vnd.openxmlformats-officedocument.wordprocessingml.document,"implementation, governance, toolkit, and pilot-readiness companion"
03_IMPLEMENTATION/AIAP_Pilot_Readiness_Pack_v6.5.pdf,158978,18b73193f05faa0ea3a651eaa12d365f43f3806244cefd1f98cba7dbf02d04bd,application/pdf,"implementation, governance, toolkit, and pilot-readiness companion"
03_IMPLEMENTATION/AIAP_Role_Coding_Manual_v6.5.docx,17095,ae74235b9173ae8fc461003906d70f8b5c4ddd091599f732ddb3815df3b77847,application/vnd.openxmlformats-officedocument.wordprocessingml.document,"implementation, governance, toolkit, and pilot-readiness companion"
03_IMPLEMENTATION/AIAP_Role_Coding_Manual_v6.5.pdf,113811,761d82525b0982f92b8b0dd3fcdbb1f55475477df79b9889744c6ef9c40a15af,application/pdf,"implementation, governance, toolkit, and pilot-readiness companion"
03_IMPLEMENTATION/AIAP_Student_and_Instructor_Toolkit_v6.5.docx,18361,c3304619fff9c5e2e92c562ccdad6a1409b5dc2d7570eaa6c8cf7b43f42ee83c,application/vnd.openxmlformats-officedocument.wordprocessingml.document,"implementation, governance, toolkit, and pilot-readiness companion"
03_IMPLEMENTATION/AIAP_Student_and_Instructor_Toolkit_v6.5.pdf,131748,8973aa56295c1139648af9e826fee7d9232a2060eea19f739f337e97888e6409,application/pdf,"implementation, governance, toolkit, and pilot-readiness companion"
04_PILOT_AND_VALIDATION/AIAP_Pilot_Data_Dictionary_v6.5.xlsx,13787,bfe8a59bba86a1bc6474bb42d54f7d9d054dca92b0d68b66c83b41e74153630b,application/vnd.openxmlformats-officedocument.spreadsheetml.sheet,pilot and validation protocol or operational study instrument
04_PILOT_AND_VALIDATION/AIAP_Pilot_and_Validation_Protocol_v6.5.docx,20114,7cacda77c035e36bf7501b835c39ec2ab1303d1a5f26f542993e2023775bca9a,application/vnd.openxmlformats-officedocument.wordprocessingml.document,pilot and validation protocol or operational study instrument
04_PILOT_AND_VALIDATION/AIAP_Pilot_and_Validation_Protocol_v6.5.pdf,122568,a27748538c9837d84f1a1e7d3fbeb3541211524ac1a9d401acf0d528ba42f24f,application/pdf,pilot and validation protocol or operational study instrument
04_PILOT_AND_VALIDATION/AIAP_Prompt_Bank_and_Exposure_Log_v6.5.xlsx,19459,0d612eab442b7eaaa2d17335d5326b280b74a6f837a901622fb5fdcc8f3815d8,application/vnd.openxmlformats-officedocument.spreadsheetml.sheet,pilot and validation protocol or operational study instrument
05_WORKBOOKS/AIAP_Assurance_Feasibility_Model_v6.5.xlsx,9678,f29f9f9c7285e059bb8f1c152062942b6e067e5a575e5bdd11aeab0d3bf32647,application/vnd.openxmlformats-officedocument.spreadsheetml.sheet,operational planning and assurance workbook
05_WORKBOOKS/AIAP_Programme_Assurance_Map_v6.5.xlsx,15084,b386656b297b2b183e8752fe6bb405cf8c25d61cd28e00e39a4d58acc1450d10,application/vnd.openxmlformats-officedocument.spreadsheetml.sheet,operational planning and assurance workbook
05_WORKBOOKS/AIAP_Workload_Calculator_v6.5.xlsx,12503,797b3a3f053a30768393fdc10816c97e1b3b2b58c5e795411d4de76de585d81a,application/vnd.openxmlformats-officedocument.spreadsheetml.sheet,operational planning and assurance workbook
06_MACHINE_READABLE/AIAP_Assessment_Assurance_Record_v6.5.example.json,12457,bb2042e9fc0f1f6359fbe75acaac0ef2c963e504a5c5d824b2b0d4cd7364bdc5,application/json,"machine-readable schema, example, validator, or test"
06_MACHINE_READABLE/AIAP_Assessment_Assurance_Record_v6.5.example_all_lanes.json,19990,811e2934c19f785f0837c2b131dff8c61d13bd331d74e5ba5730aeac5555b82e,application/json,"machine-readable schema, example, validator, or test"
06_MACHINE_READABLE/AIAP_Assessment_Assurance_Record_v6.5.schema.json,24753,49b4b2eb745bd2f5d7fe98967ce1241bef41e8fca4d571b351da740c8ca13d5d,application/json,"machine-readable schema, example, validator, or test"
06_MACHINE_READABLE/AIAP_Machine_Readable_Validation_README_v6.5.md,1238,412a8615610d92696eeeb44baede56d0a534c6583d3babe6ff6abdbf282c3b7b,text/markdown,"machine-readable schema, example, validator, or test"
06_MACHINE_READABLE/test_validate_aiap_record.py,2276,1fb307c05349f52b44a8d9462c0e4b5d0e9eacfa2f510cfec274daf3e79bced5,text/x-python,"machine-readable schema, example, validator, or test"
06_MACHINE_READABLE/validate_aiap_record.py,6521,cfe698cee1091d2e9764136343f35b0048d8901f23396ea511408c7de298c5c1,text/x-python,"machine-readable schema, example, validator, or test"
07_PUBLICATION/AIAP_Public_Explainer_v6.5.md,2116,a735079e30141facb5c8b949347fe2b6159dcbb15d89844c3c635fce9b413c4f,text/markdown,"SSRN, website, public-explainer, or RippleLogic.org publication material"
07_PUBLICATION/AIAP_Publication_and_Release_Checklist_v6.5.md,2526,951249e07dfba83c4f7dd336580b69128c751278f243c0c69985bbd76a48dd76,text/markdown,"SSRN, website, public-explainer, or RippleLogic.org publication material"
07_PUBLICATION/AIAP_RippleLogic_Metadata_v6.5.json,1652,0ba38b949d033ee2e0a6eee99e05696ce92475b93a13db9fa396512fc41c7699,application/json,"SSRN, website, public-explainer, or RippleLogic.org publication material"
07_PUBLICATION/AIAP_RippleLogic_Page_v6.5.html,7371,ed536d7f3351463c6229766d1ba2a70fa491a28311e06cf523c12c5d8a34ba46,text/html,"SSRN, website, public-explainer, or RippleLogic.org publication material"
07_PUBLICATION/AIAP_Website_Copy_v6.5.md,4932,d5283ffef2f975c7eafbbb1a460ce239d88f6b96370c99d0620dc6ba25f57382,text/markdown,"SSRN, website, public-explainer, or RippleLogic.org publication material"
07_PUBLICATION/AIAP_v6.5_SSRN_Abstract.txt,1765,c23c23afbe6ba518080d502ac487e9bb3d5ffc06438334d426b1a62fab649b87,text/plain,"SSRN, website, public-explainer, or RippleLogic.org publication material"
07_PUBLICATION/AIAP_v6.5_SSRN_Metadata.md,4388,8e56144cf07c46245cdedc4b52c80ef64873de2059a6336770ed7a62908c8f67,text/markdown,"SSRN, website, public-explainer, or RippleLogic.org publication material"
08_VERIFICATION/AIAP_v6.5_Feedback_Adjudication_and_Change_Log.md,13634,72067eff2f7c094e0ec8db5a1894133180f985367734e9e41dc86f26b8b2c648,text/markdown,"audit, verification, manifest, or reproducibility artifact"
08_VERIFICATION/BUILD_AND_TEST_REPORT.json,5243,ad7deeab28d0954d3cb2e081752513eedfbbe5bdfa7885336fecefeb6d87c83e,application/json,"audit, verification, manifest, or reproducibility artifact"
08_VERIFICATION/VERIFICATION_STATUS.md,5314,75a9d5ae9d67449135f2b2b2fdeb0759ca9a3f6a4c5ed9a2a44d6baaf71a7dc6,text/markdown,"audit, verification, manifest, or reproducibility artifact"
08_VERIFICATION/verify_release.py,53619,170d557b1241de50ac063f3f512c7b3a2e99b0b13aba1c305c0f08772ddfc7da,text/x-python,"audit, verification, manifest, or reproducibility artifact"
CHANGELOG.md,1480,645c44840264160deaf3e0923c096c8b5d25c9d34d847f74fdd78188eb23d2ce,text/markdown,"repository governance, citation, rights, release, and tooling"
CITATION.cff,1380,1f7250ddd46879433181255836b9627c98be3282a7457113ec424c6a1fa6f8fe,application/octet-stream,"repository governance, citation, rights, release, and tooling"
CONTRIBUTING.md,1496,cf11df484386219bf3b9845593f7534de99dd04f97bb02e92f5442b1645fac8c,text/markdown,"repository governance, citation, rights, release, and tooling"
LICENSE.md,637,6ad3417dacc738b0e90c885a6ef7536efcf7acb49d97bbb789513107ca557d4d,text/markdown,"repository governance, citation, rights, release, and tooling"
README.md,2944,03fac5822e3d75f2aae6a88f5ed2d036557c59777f1a7ccab208b6a9da187883,text/markdown,"repository governance, citation, rights, release, and tooling"
RELEASE_NOTES_v6.5.md,5494,96ec057711fd3bd74b3725d0403e28188c80f336785ab5680562bfc5b3bb44aa,text/markdown,"repository governance, citation, rights, release, and tooling"
RIGHTS_AND_LICENSING.md,1230,d48f47a58e570dbed2c740c0f2f1f8a3c277a9a3f9500c9100d98c76c1ee9215,text/markdown,"repository governance, citation, rights, release, and tooling"
SECURITY.md,1175,5ede40775db5440d708b20477e7914620bfa8e721b902e8f9f104f68c7b86fba,text/markdown,"repository governance, citation, rights, release, and tooling"
START_HERE.md,4045,730903835469a5d8f4c140d34cc9ceb2839a700431f35d5df2448c8054cabd0b,text/markdown,"repository governance, citation, rights, release, and tooling"
VERSION_MANIFEST.yaml,1900,7cfd04a1f4875b6f667cca4eeba3bcc44ce403eabd6849d93a5e6591abf92256,application/yaml,"repository governance, citation, rights, release, and tooling"
requirements.txt,45,52f0ec904d0ef488d45afffdaa0fde25fdf4e1ff96a104ae30e06f344bb6d906,text/plain,"repository governance, citation, rights, release, and tooling"
